Test_Id,Radius_mm,Distance_mm,Momentum_original_N,Momentum_corrected_N,ratio_original_over_corrected
1,0,115,0.026314003237857972,0.019219678120743506,1.3691177902432023
2,5,115,0.017434412298901397,0.11685564297412052,0.1491961522368459
3,10,115,0.0056838246993773205,0.11070534597548264,0.051341917134120056
4,15,115,0.0010938525734040467,0.05535267298774129,0.01976151311873046
5,20,115,0.0002105120259028638,0.02460118799455168,0.008556986189020017
6,25,115,0.0,0.0,
7,0,250,0.0056838246993773205,0.006919084123467662,0.8214706741459211
8,5,250,0.0038987372796915544,0.04305207899046545,0.0905586297134452
9,10,250,0.0023535960000000003,0.06150296998637925,0.038268005602351225
10,15,250,0.0016840962072229104,0.07380356398365505,0.022818629837386712
11,20,250,0.0010938525734040467,0.07380356398365504,0.014821134839047848
12,25,250,0.0005954179241489325,0.061502969986379205,0.009681124737241097
13,30,250,0.0002105120259028638,0.03690178199182755,0.005704657459346674
14,35,250,0.0,0.0,
15,0,310,0.0038987372796915544,0.005381509873808182,0.7244690377075615
16,5,310,0.0030938822890894295,0.03690178199182754,0.08384099959656736
17,10,310,0.0016840962072229104,0.04920237598910341,0.034227944756080035
18,15,310,0.0010938525734040467,0.05535267298774129,0.01976151311873046
19,20,310,0.0005954179241489325,0.04920237598910336,0.012101405921551373
20,25,310,0.0003867352861361787,0.04612722748978441,0.00838409995965674
21,30,310,0.0002105120259028638,0.03690178199182755,0.005704657459346674
22,35,310,7.442724051861656e-05,0.021526039495232744,0.0034575445490146743
23,40,310,0.0,0.0,
