SampleNo,Setting_pct,Speed_rpm,T_water_C,Pin_kPa,Pout_kPa,Q_lps,P_input_W,valve_frac,TotalHead_m,PumpEff_pct,HydPower_W,MechPower_W,InputPower_W,NPSHa_m,CavNum,Thoma,Nss,StaticHead_m,VelHead_m,ElevHead_m,Flow_lps,Vin_mps,Vout_mps,Re,Darcy_f,SysHeadLoss_m,SysResCoef,MotorEff_pct,Torque_Nm,ThermoRise_K,DynWaste_W,WireWaterEff_pct,OPEX,FinWaste,CO2,Ns,Flow1200_lps,Head1200_m,Density_kgm3,Pv_kPa,HeadDev_vs1200_pct
1,70.0,1050.0,28.400000000000002,2.37294921875,39.972222036793276,0.0,142.6,0.0,3.922615691468322,0.0,0.0,71.3,142.6,10.043493821339007,0.0,2.5604072923033416,0.0,3.847615691468322,0.0,0.075,0.0,0.0,0.0,0.0,0.0,0.0,0.0,50.0,0.648442710997265,0.0,142.6,0.0,1873764.0,1873764.0,1086.7831199999998,0.0,0.0,5.123416413346379,996.1362646573647,3.849414831414361,13.389296043266995
2,70.0,1050.0,28.35,2.3224609375000003,38.3322239581943,0.08007802734375,146.2,0.14285714285714285,3.7638181455899375,4.029196557366102,2.945342683434621,73.1,146.2,10.04341300451204,5878.965896099334,2.6684108041404437,1.6654630066510634,3.68490613763514,0.003912007954797564,0.075,0.08007802734375,0.18462383174005642,0.3329257504602323,12789.464603514327,0.029889746502573814,0.0029872409311335253,465847.23178081645,50.0,0.6648129337152885,0.4292189444132889,143.25465731656536,2.014598278683051,1921068.0,1882366.197139669,1114.21944,3.477158665723034,0.09151774553571428,4.9160073738317545,996.1501988427599,3.8380961612734588,12.000489990010667
3,70.0,1050.0,28.35,2.27197265625,36.72612141426605,0.21354140625,151.8,0.2857142857142857,3.628537683185205,9.976214847942641,7.5719470695884645,75.9,151.8,10.062173106004407,826.3113803496784,2.773065621622985,2.7158858343969547,3.5257189599510887,0.02781872323411602,0.075,0.21354140625,0.4923302179734838,0.8878020012272863,34105.23894270488,0.024134035187708434,0.020751344577090873,455074.022779437,50.0,0.6902777246099918,0.16205078545049348,144.22805293041154,4.988107423971321,1994652.0000000005,1895156.6155056076,1156.8981600000002,5.836219535887681,0.24404732142857144,4.739314524976594,996.1501988427599,3.8380961612734588,11.575957558462424
4,70.0,1050.0,28.3,1.86806640625,33.0671174157077,0.34700478515625,158.8,0.42857142857142855,3.341036589752606,14.269083898579586,11.329652615472192,79.4,158.8,10.067791027804649,311.68674147432023,3.0133734717793494,3.4606397070073442,3.1925777737125185,0.0734588160400876,0.075,0.34700478515625,0.8000366042069113,1.4426782519943402,55421.01328189542,0.022130125051299705,0.05422080609392689,450292.8411233687,50.0,0.7221087132283709,0.10196395503073981,147.47034738452783,7.134541949289793,2086632.0000000002,1937760.3646326954,1210.2465600000003,7.914912298420137,0.39657689732142853,4.363802892738097,996.1641102950981,3.826807408839656,6.577335229457239
5,70.0,1050.0,28.200000000000003,1.3126953125,28.623655244101226,0.5471998535156251,169.6,0.5714285714285714,3.0523032205644194,19.248185409711805,16.32246122743561,84.8,169.6,10.122680850104993,124.66653867394815,3.316407354913169,4.328033631912096,2.7946341824528993,0.18266903811151972,0.075,0.5471998535156251,1.2615961835570524,2.2749926281449215,87394.67479068125,0.02065078392889808,0.1335774503814883,446109.2258434083,50.0,0.7712193813824414,0.06720442644568955,153.27753877256438,9.624092704855903,2228544.0,2014066.8594714962,1292.55552,10.636323287791125,0.6253712611607143,3.9866817574718945,996.1918649546305,3.804319436844035,4.764845357133555
6,70.0,1050.0,28.1,1.06025390625,25.368047784858913,0.66731689453125,175.6,0.7142857142857143,2.833928944260872,21.04992821974346,18.48183697693476,87.8,175.6,10.188226182520589,83.62832176888398,3.595088791182737,4.75643346113205,2.4872617251777074,0.2716672190831643,0.075,0.66731689453125,1.5385319311671368,2.7743812538352697,106578.87169595274,0.02011223201151479,0.19788446599648973,444372.7950431859,50.0,0.7985030859124806,0.05648687460953754,157.11816302306522,10.52496410987173,2307384.0,2064532.662123077,1338.2827200000002,12.418342724463253,0.7626478794642857,3.701458212912159,996.2195285440159,3.7819504749288653,0.17714256165919673
7,70.0,1050.0,28.05,0.45439453125,20.922202109392682,0.8007802734375,183.6,0.8571428571428571,2.5605121742058357,21.828686472344657,20.038734181612394,91.8,183.6,10.247135968380304,57.72414705514532,4.001986817953146,5.187930004824383,2.094311378726079,0.3912007954797565,0.075,0.8007802734375,1.8462383174005643,3.3292575046023236,127894.64603514329,0.019668628755214426,0.28395907454813196,442821.82745499135,50.0,0.8348813586191995,0.04900206197500317,163.5612658183876,10.914343236172328,2412503.9999999995,2149195.032853613,1399.2523199999998,14.679147970366325,0.9151774553571428,3.344342431615785,996.2333261586703,3.770810485095626,4.056588673154396
8,70.0,1050.0,28.0,-0.1009765625,16.99350516578895,0.88085830078125,187.2,1.0,2.297473988228704,21.130845935199247,19.778471795346494,93.6,187.2,10.273807942643094,47.44033054505763,4.471784227060585,5.430549073720054,1.7491210256981984,0.4733529625305053,0.075,0.88085830078125,2.0308621491406207,3.6621832550625557,140684.1106386576,0.019455080185458475,0.3429741917269788,442027.55053225515,50.0,0.851251581337223,0.045598074523629045,167.4215282046535,10.565422967599623,2459807.9999999995,2199918.880609147,1426.6886399999999,16.69953477210605,1.0066952008928571,3.0007823519721843,996.247100971308,3.759700082595514,9.248491926122497
1,80.0,1200.0,29.05,2.221484375,45.63513005103439,0.0,144.6,0.0,4.5184303916935775,0.0,0.0,72.3,144.6,10.012774644959038,0.0,2.215985149038911,0.0,4.443430391693577,0.0,0.075,0.0,0.0,0.0,0.0,0.0,0.0,0.0,50.0,0.5753451192772017,0.0,144.6,0.0,1900044.0000000002,1900044.0000000002,1102.0255200000001,0.0,0.0,4.5184303916935775,995.9530567684832,3.9993051079518542,0.0
2,80.0,1200.0,29.1,2.27197265625,44.39656738976872,0.066731689453125,145.2,0.14285714285714285,4.3892730953857555,3.9417562433362408,2.8617150326621106,72.6,145.2,10.019440856565277,8448.551801773314,2.282710744769621,1.7406629744274236,4.311556423194924,0.0027166721908316437,0.075,0.066731689453125,0.15385319311671372,0.277438125383527,10657.887169595277,0.03127379758867569,0.0020841839361058594,468027.9659182032,50.0,0.5777324434235801,0.5118766020402874,142.33828496733787,1.9708781216681204,1907928.0,1870325.0644708194,1106.59824,3.232606589258574,0.066731689453125,4.3892730953857555,995.9388055270842,4.011048407536697,0.0
3,80.0,1200.0,29.0,2.17099609375,42.667452940713375,0.21354140625,148.2,0.2857142857142857,4.24761268348814,11.959771441810334,8.862190638381456,74.1,148.2,10.036640700482158,824.3880661149904,2.362889803841547,3.1097896394319062,4.144793960254024,0.02781872323411602,0.075,0.21354140625,0.4923302179734838,0.8878020012272863,34105.23894270488,0.024134035187708434,0.020751344577090873,455074.022779437,50.0,0.5896690641554722,0.15658499066346798,139.33780936161853,5.979885720905167,1947348.0,1830898.8150116676,1129.46184,5.926709129990076,0.21354140625,4.24761268348814,995.967285437731,3.987592496946717,0.0
4,80.0,1200.0,29.0,1.7166015625000002,40.15643450724305,0.3736974609375,156.6,0.42857142857142855,4.094494278115496,19.092936770277948,14.949769491127634,78.3,156.6,10.047697293069952,267.9587218861526,2.4539531894753157,4.110469335111421,3.9342994382110157,0.0851948399044803,0.075,0.3736974609375,0.8615778814535967,1.5536535021477509,59684.16814973353,0.021864722625961962,0.06278554016983183,449592.7930200431,50.0,0.6230916022047702,0.09096208138574367,141.65023050887237,9.546468385138974,2057723.9999999998,1861284.028886583,1193.4799199999998,8.059184869850224,0.3736974609375,4.094494278115496,995.967285437731,3.987592496946717,0.0
5,80.0,1200.0,28.900000000000002,1.1107421875,35.409006289386035,0.6005852050781251,167.2,0.5714285714285714,3.8053621363938155,26.711040425287067,22.330429795539985,83.6,167.2,10.123172064896075,103.12998978532977,2.660238816190405,5.1818053706994895,3.510311688936452,0.22005044745736307,0.075,0.6005852050781251,1.3846787380504235,2.496943128451743,95920.98452635747,0.020390664530204095,0.16061665659288765,445288.33916791884,50.0,0.6652676621241225,0.057883317448180496,144.86957020446,13.355520212643533,2197007.9999999995,1903586.1524866042,1274.2646399999999,10.793730401415567,0.6005852050781251,3.8053621363938155,995.9956750138001,3.964259120426245,0.0
6,80.0,1200.0,28.85,0.25244140625,32.300537914055745,0.760741259765625,176.4,0.7142857142857143,3.7080267064068955,31.249557663576656,27.56210985927461,88.2,176.4,10.169872495847468,63.72411440767749,2.74266430667166,5.811832654185405,3.279967988486415,0.3530587179204802,0.075,0.760741259765625,1.753926401530536,3.162794629372207,121499.91373338611,0.01978867938723096,0.25652314315882185,443253.9453014367,50.0,0.7018732990352585,0.04694844696187386,148.8378901407254,15.624778831788328,2317896.0,1955729.8764491319,1344.37968,12.386328439070486,0.760741259765625,3.7080267064068955,996.0098358976348,3.952638244786251,0.0
7,80.0,1200.0,28.8,-0.1009765625,28.739358194895193,0.867511962890625,183.2,0.8571428571428571,3.4857447586711103,32.256287481625,29.5467593331685,91.6,183.2,10.241086570691257,48.83119097473268,2.9379909545056657,6.173898057691883,2.9516271584205627,0.4591176002505475,0.075,0.867511962890625,2.000091510517278,3.6066956299858504,138552.53320473855,0.019488469629481222,0.3327549568270078,442154.0311236355,50.0,0.7289296393608806,0.04250155150397092,153.6532406668315,16.1281437408125,2407248.0,2019003.582362166,1396.2038400000001,13.854705380634993,0.867511962890625,3.4857447586711103,996.0239741633454,3.9410478374766464,0.0
8,80.0,1200.0,28.700000000000003,-0.8583007812500001,24.74576391129752,1.000975341796875,189.4,1.0,3.306592271204305,34.15113527272918,32.341125103274535,94.7,189.4,10.318374689537599,36.399797926965334,3.1205464246063546,6.594539362598419,2.6203410282671853,0.6112512429371194,0.075,1.000975341796875,2.307797896750705,4.161571880752904,159868.30754392908,0.019187395316162478,0.4418403093761429,440979.67805271567,50.0,0.7535986555401245,0.03765003077261063,157.05887489672546,17.07556763636459,2488716.0,2063753.6161429726,1443.45528,15.483083319968141,1.000975341796875,3.306592271204305,996.0521827944207,3.917958207599291,0.0
1,90.0,1350.0,30.150000000000002,2.221484375,50.56746325196287,0.0,148.6,0.0,5.024843696345388,0.0,0.0,74.3,148.6,9.98570643209837,0.0,1.9872670744686167,0.0,4.949843696345388,0.0,0.075,0.0,0.0,0.0,0.0,0.0,0.0,0.0,50.0,0.5255649898545699,0.0,148.6,0.0,1952603.9999999998,1952603.9999999998,1132.5103199999999,0.0,0.0,3.9702468711864793,995.6343356453802,4.264844276115002,12.132166991326173
2,90.0,1350.0,30.150000000000002,2.37294921875,49.170876224295924,0.08007802734375,149.6,0.14285714285714285,4.87026031388003,5.092520849412697,3.809205595360697,74.8,149.6,10.005058281414025,5859.838016608214,2.054316943367492,2.147463220523609,4.791348305925232,0.003912007954797564,0.075,0.08007802734375,0.18462383174005642,0.3329257504602323,12789.464603514327,0.029889746502573814,0.0029872409311335253,465847.23178081645,50.0,0.5291017663677231,0.4370440329182432,145.79079440463929,2.5462604247063485,1965743.9999999998,1915691.0384769605,1140.13152,3.6849052090898593,0.07118046874999999,3.8481069146706406,995.6343356453802,4.264844276115002,12.329289359644049
3,90.0,1350.0,30.1,2.01953125,46.40516394034501,0.24023408203125002,153.3,0.2857142857142857,4.6545093881625474,14.248582684085958,10.921538627351888,76.65,153.3,10.001592113697322,648.8505181454962,2.148796205918844,3.7204821443512546,4.544301316569369,0.03520807159317809,0.075,0.24023408203125002,0.5538714952201693,0.9987772513806971,38368.393810542984,0.023603378923399754,0.026194647010216312,453882.36460408394,50.0,0.5421878394663902,0.14226946926730216,142.37846137264813,7.124291342042979,2014362.0000000002,1870852.9824365966,1168.32996,6.603066117516173,0.21354140625,3.6776370474370745,995.6490582470069,4.252443796958347,13.418729025524085
4,90.0,1350.0,29.950000000000003,1.6661132812500001,44.135264440833474,0.4270828125,158.8,0.42857142857142855,4.5341702112650095,23.822312227852922,18.914915908915223,79.4,158.8,10.04540537944811,204.63577180142423,2.2154892541287055,4.944407028104864,4.347895318328545,0.11127489293646407,0.075,0.4270828125,0.9846604359469676,1.7756040024545725,68210.47788540975,0.021411444946385933,0.0817790335208298,448350.63126974105,50.0,0.561640110288733,0.07862164825165356,139.8850840910848,11.911156113926461,2086632.0000000002,1838090.0049568543,1210.2465600000003,8.978761816486426,0.3796291666666667,3.5825542409995137,995.6930920211597,4.215433208570753,12.503132312389123
5,90.0,1350.0,29.900000000000002,0.75732421875,40.50653982706223,0.66731689453125,167.4,0.5714285714285714,4.416041902570236,34.39067751335336,28.784997078676763,83.7,167.4,10.11440977159646,83.05682855884366,2.290379030531763,6.148857383618457,4.069374683487072,0.2716672190831643,0.075,0.66731689453125,1.5385319311671368,2.7743812538352697,106578.87169595274,0.02011223201151479,0.19788446599648973,444372.7950431859,50.0,0.5920563883018507,0.04986026310686863,138.61500292132325,17.19533875667668,2199636.0,1821401.1383861874,1275.78888,11.44787659764631,0.5931705729166666,3.4892182933888285,995.7077252306573,4.203159778594581,8.307851701719601
6,90.0,1350.0,29.85,-0.55537109375,36.00546143017132,0.867511962890625,174.4,0.7142857142857143,4.277022733566799,41.56308762619582,36.24301241004276,87.2,174.4,10.169296084755368,48.49237085186127,2.3776577115068878,6.98237766710544,3.7429051333162513,0.4591176002505475,0.075,0.867511962890625,2.000091510517278,3.6066956299858504,138552.53320473855,0.019488469629481222,0.3327549568270078,442154.0311236355,50.0,0.6168138238939233,0.03822675715730301,138.15698758995725,20.78154381309791,2291616.0,1815382.8169320382,1329.13728,13.369505236718759,0.7711217447916666,3.379375987015742,995.7223360633892,4.190917973257708,8.863224173205007
7,90.0,1350.0,29.700000000000003,-0.9592773437500001,32.92250201909554,1.000975341796875,179.4,0.8571428571428571,4.154736831268371,45.28983847009362,40.62498510767398,89.7,179.4,10.28398120234491,36.2830183469512,2.4752425051204465,7.437457592530231,3.468485588331252,0.6112512429371194,0.075,1.000975341796875,2.307797896750705,4.161571880752904,159868.30754392908,0.019187395316162478,0.4418403093761429,440979.67805271567,50.0,0.6344977064596894,0.033276597930915065,138.77501489232603,22.64491923504681,2357316.0,1823503.695685164,1367.2432800000001,14.677017703370641,0.8897558593749999,3.282755027175009,995.7660341860595,4.154381754459588,5.823424993787784
8,90.0,1350.0,29.6,-2.221484375,28.260157749579363,1.1744777343750001,185.4,1.0,4.036838194098487,49.96263885716534,46.31536622059227,92.7,185.4,10.388047900361949,26.014971345239495,2.5733129248401356,7.995685526050327,3.1203218162664768,0.8415163778320098,0.075,1.1744777343750001,2.7078161988541614,4.882911006750075,187578.81418487686,0.018881298120490577,0.6065170834652109,439696.9591741169,50.0,0.6557183655386088,0.028423183746679966,139.08463377940774,24.98131942858267,2436156.0,1827572.087861418,1412.97048,16.245203490484595,1.0439802083333334,3.1896005484234955,995.7950541733023,4.130181388981302,3.5381357356829346
