Test_Id,Radius_mm,Nozzle_to_Target_Distance_mm,Head_Difference_h_m,Radius_m,Radial_Increment_m,Velocity_m_s,Area_m2,Flow_m3_s,Momentum_Flux_N,KE_Flux_W,Mass_Flow_kg_s,Dynamic_Pressure_Pa
1,0,115,0.05,0.0,0.005,0.9902853124226371,1.9634954084936207e-05,1.9444206640405185e-05,0.019219678120743506,0.009516482476231502,0.01940822294306721,489.4250844082366
2,5,115,0.038,0.005,0.005,0.8633107204245757,0.00015707963267948965,0.00013560853085255794,0.11685564297412052,0.050441364660832495,0.13535757197206005,371.9630641502598
3,10,115,0.018,0.01,0.005,0.5941711874535822,0.0003141592653589794,0.00018666438374788984,0.11070534597548264,0.032888963437856085,0.1863189402534453,176.19303038696518
4,15,115,0.006,0.015,0.005,0.3430448950210453,0.00047123889803846886,0.00016165609830743962,0.05535267298774129,0.00949422594710698,0.16135693546567859,58.731010128988395
5,20,115,0.002,0.02,0.005,0.19805706248452742,0.0006283185307179584,0.00012444292249859314,0.02460118799455168,0.002436219513915264,0.12421262683563011,19.57700337632947
6,25,115,0.0,0.025,0.005,0.0,0.000785398163397448,0.0,0.0,0.0,0.0,0.0
7,0,250,0.018,0.0,0.005,0.5941711874535822,1.9634954084936207e-05,1.166652398424311e-05,0.006919084123467662,0.0020555602148660044,0.011644933765840327,176.19303038696518
8,5,250,0.014,0.005,0.005,0.52400973273404,0.00015707963267948965,8.231125633834055e-05,0.04305207899046545,0.011279854202719292,0.08215893007528631,137.03902363430626
9,10,250,0.01,0.01,0.005,0.44286905513932673,0.0003141592653589794,0.00013913141701279622,0.06150296998637925,0.013618881103065073,0.13887393863414185,97.88501688164735
10,15,250,0.008,0.015,0.005,0.39611412496905485,0.00047123889803846886,0.00018666438374788973,0.07380356398365505,0.014617317083491586,0.1863189402534452,78.30801350531787
11,20,250,0.006,0.02,0.005,0.3430448950210453,0.0006283185307179584,0.00021554146440991946,0.07380356398365504,0.012658967929475972,0.21514258062090474,58.731010128988395
12,25,250,0.004,0.025,0.005,0.2800949838893942,0.000785398163397448,0.000219986085923568,0.061502969986379205,0.00861333669374239,0.21957897686117048,39.15400675265893
13,30,250,0.002,0.03,0.005,0.19805706248452742,0.0009424777960769384,0.00018666438374788987,0.03690178199182755,0.0036543292708728996,0.18631894025344534,19.57700337632947
14,35,250,0.0,0.035,0.005,0.0,0.0010995574287564285,0.0,0.0,0.0,0.0,0.0
15,0,310,0.014,0.0,0.005,0.52400973273404,1.9634954084936207e-05,1.0288907042292568e-05,0.005381509873808182,0.0014099817753399115,0.010269866259410789,137.03902363430626
16,5,310,0.012,0.005,0.005,0.4851387430416169,0.00015707963267948965,7.62054155555665e-05,0.03690178199182754,0.008951242065755493,0.07606438883950765,117.4620202579768
17,10,310,0.008,0.01,0.005,0.39611412496905485,0.0003141592653589794,0.00012444292249859325,0.04920237598910341,0.009744878055661065,0.12421262683563022,78.30801350531787
18,15,310,0.006,0.015,0.005,0.3430448950210453,0.00047123889803846886,0.00016165609830743962,0.05535267298774129,0.00949422594710698,0.16135693546567859,58.731010128988395
19,20,310,0.004,0.02,0.005,0.2800949838893942,0.0006283185307179584,0.0001759888687388544,0.04920237598910336,0.0068906693549939104,0.17566318148893637,39.15400675265893
20,25,310,0.003,0.025,0.005,0.24256937152080846,0.000785398163397448,0.0001905135388889162,0.04612722748978441,0.005594526291097182,0.1901609720987691,29.3655050644942
21,30,310,0.002,0.03,0.005,0.19805706248452742,0.0009424777960769384,0.00018666438374788987,0.03690178199182755,0.0036543292708728996,0.18631894025344534,19.57700337632947
22,35,310,0.001,0.035,0.005,0.1400474919446971,0.0010995574287564285,0.00015399026014649778,0.021526039495232744,0.0015073339214049196,0.1537052838028195,9.788501688164732
23,40,310,0.0,0.04,0.005,0.0,0.0012566370614359185,0.0,0.0,0.0,0.0,0.0
