KPI,Method,held_out_speed_rpm,fold_kind,n,RMSE,MAE
TotalHead_m,Affinity-law,1050.0,extrapolation,8,0.4271823795142433,0.36010534217853457
TotalHead_m,Affinity-law,1200.0,interpolation,8,0.12454268947132835,0.10183604724049788
TotalHead_m,Affinity-law,1350.0,extrapolation,8,0.7413263015904118,0.6356605807858224
TotalHead_m,Ridge,1050.0,extrapolation,8,0.31318738039445526,0.260278350066593
TotalHead_m,Ridge,1200.0,interpolation,8,0.14916539072670493,0.13265641802688377
TotalHead_m,Ridge,1350.0,extrapolation,8,0.22599859376550666,0.20160285700539005
TotalHead_m,GP,1050.0,extrapolation,8,0.28582446249355675,0.26511827410854966
TotalHead_m,GP,1200.0,interpolation,8,0.127265734672867,0.11533059104890608
TotalHead_m,GP,1350.0,extrapolation,8,0.16212750520372157,0.14784630115040098
PumpEff_pct,Ridge,1050.0,extrapolation,8,2.9950165477912734,2.1414742821295416
PumpEff_pct,Ridge,1200.0,interpolation,8,1.9350069748756265,1.7401740216084536
PumpEff_pct,Ridge,1350.0,extrapolation,8,3.3279491318125234,3.1798825747999047
PumpEff_pct,GP,1050.0,extrapolation,8,1.346935172111071,1.1291445324781466
PumpEff_pct,GP,1200.0,interpolation,8,0.6694196350555036,0.5230610656910331
PumpEff_pct,GP,1350.0,extrapolation,8,1.2483835548835405,0.7576451692402565
NPSHa_m,Ridge,1050.0,extrapolation,8,0.04125264703489416,0.03442073405902679
NPSHa_m,Ridge,1200.0,interpolation,8,0.039224688560802315,0.03290650762849179
NPSHa_m,Ridge,1350.0,extrapolation,8,0.03624547644118071,0.033459376523331086
NPSHa_m,GP,1050.0,extrapolation,8,0.02930361856446949,0.026213562683196967
NPSHa_m,GP,1200.0,interpolation,8,0.011138603596702771,0.009688507984803918
NPSHa_m,GP,1350.0,extrapolation,8,0.02024047551670342,0.016238855683799125
