field,workbook_column_index,workbook_header,max_abs_diff,max_rel_diff,status
Density_kgm3,7,col_7,1.1368683772161603e-13,1.1416169608466176e-16,match
Vin_mps,8,col_8,1.3322676295501878e-15,6.581095032676931e-16,match
Vout_mps,9,col_9,1.7763568394002505e-15,5.296891312239869e-16,match
StaticHead_m,10,col_10,1.7763568394002505e-15,4.2871270203899346e-16,match
VelHead_m,11,col_11,6.661338147750939e-16,1.064409956500257e-15,match
TotalHead_m,13,col_13,1.3322676295501878e-15,3.634509492545226e-16,match
HydPower_W,14,col_14,2.842170943040401e-14,7.098356721041758e-16,match
MechPower_W,17,col_17,2.842170943040401e-14,3.1479741457725963e-16,match
MotorEff_pct,18,col_18,0.0,0.0,match
PumpEff_pct,20,col_20,4.263256414560601e-14,1.0039104505473343e-15,match
Pv_kPa,23,col_23,1.7763568394002505e-15,4.3587989031768633e-16,match
NPSHa_m,24,col_24,5.329070518200751e-15,5.299711955232156e-16,match
SysHeadLoss_m,29,col_29,4.996003610813204e-16,1.1046348747575336e-15,match
Flow1200_lps,30,col_30,4.440892098500626e-16,4.4254695263958743e-16,match
Head1200_m,31,col_31,1.3322676295501878e-15,3.751453062903578e-16,match
HeadDev_vs1200_pct,32,col_32,4.75175454539567e-14,1.5243235766503702e-14,match
DynWaste_W,33,col_33,1.1368683772161603e-13,7.65405135156356e-16,match
WireWaterEff_pct,34,col_34,2.1316282072803006e-14,1.0039104505473343e-15,match
Torque_Nm,35,col_35,3.3306690738754696e-16,4.056302762715735e-16,match
CavNum,36,col_36,2.2737367544323206e-12,7.862698343455428e-16,match
Re,37,col_37,1.4551915228366852e-10,8.541859708993103e-16,match
Darcy_f,38,col_38,3.469446951953614e-18,1.8104197078167746e-16,match
Ns,39,col_39,8.881784197001252e-15,6.577776650027311e-16,match
Nss,40,col_40,8.881784197001252e-16,4.539529224450133e-16,match
ThermoRise_K,41,col_41,1.1102230246251565e-16,1.1829132104187664e-15,match
SysResCoef,42,col_42,1.7462298274040222e-10,3.866674072744117e-16,match
Thoma,43,col_43,8.881784197001252e-16,2.821584984481358e-16,match
OPEX,44,col_44,1.3969838619232178e-09,6.280232378001611e-16,match
FinWaste,46,col_46,1.862645149230957e-09,9.543681685237244e-16,match
CO2,47,col_47,9.094947017729282e-13,6.465652224561408e-16,match
