Response,Model,CV_scheme,Subset,n,RMSE,MAE,R2,SD
T_water_C,Ridge,LOSO,all,24,0.2644702745135287,0.24687069845211754,0.8640742683918508,0.7173416153099972
T_water_C,Ridge,LOSO,extrapolation,16,0.3044247930313586,0.2968685476781776,0.8775043028709093,0.8698003991577612
T_water_C,Ridge,LOSO,interpolation,8,0.15647577793196196,0.14687499999999742,-0.5067488664254081,0.12747548783981907
T_water_C,Ridge,LOOCV,all,24,0.09145451555495288,0.07730553643248816,0.9837460748917745,0.7173416153099972
T_water_C,GP,LOSO,all,24,0.6239696461119016,0.520059056193373,0.2433851274084612,0.7173416153099972
T_water_C,GP,LOSO,extrapolation,16,0.7557450059062187,0.7066237117170122,0.24506186019666365,0.8698003991577612
T_water_C,GP,LOSO,interpolation,8,0.16035376485338265,0.1469297451460947,-0.5823587632402556,0.12747548783981907
T_water_C,GP,LOOCV,all,24,0.037590566339206107,0.031844993053942616,0.9972539674242985,0.7173416153099972
Pin_kPa,Ridge,LOSO,all,24,0.46143146405901375,0.341278811161753,0.8699387547453169,1.279479261344118
Pin_kPa,Ridge,LOSO,extrapolation,16,0.5165752213755199,0.38374673197058656,0.8534042993862929,1.3491895034681685
Pin_kPa,Ridge,LOSO,interpolation,8,0.32412508294268116,0.25634296954408575,0.9172307015007443,1.12662141913041
Pin_kPa,Ridge,LOOCV,all,24,0.4700051137784693,0.362529454905889,0.8650606342559403,1.279479261344118
Pin_kPa,GP,LOSO,all,24,0.27391630468823874,0.1787867134738572,0.9541679517608743,1.279479261344118
Pin_kPa,GP,LOSO,extrapolation,16,0.3110065451969785,0.19981638124517667,0.9468634748603858,1.3491895034681685
Pin_kPa,GP,LOSO,interpolation,8,0.1778771587682343,0.1367273779312182,0.9750721765419579,1.12662141913041
Pin_kPa,GP,LOOCV,all,24,0.2695154385980852,0.18266752740603745,0.9556288388645028,1.279479261344118
Pout_kPa,Ridge,LOSO,all,24,2.6245414785179064,2.2719429356480645,0.9108570204176868,8.79042489525442
Pout_kPa,Ridge,LOSO,extrapolation,16,2.9649771312971223,2.604759292425232,0.9017878197262651,9.46103549568287
Pout_kPa,Ridge,LOSO,interpolation,8,1.7556979065753446,1.6063102220937293,0.9404213471894851,7.192907111949385
Pout_kPa,Ridge,LOOCV,all,24,1.6934868035577921,1.3369878459595768,0.9628854757345322,8.79042489525442
Pout_kPa,GP,LOSO,all,24,2.3325049211675153,1.960206267790171,0.929591449758316,8.79042489525442
Pout_kPa,GP,LOSO,extrapolation,16,2.664673514536098,2.3117009126344654,0.9206748929512242,9.46103549568287
Pout_kPa,GP,LOSO,interpolation,8,1.4562855982504643,1.2572169781015825,0.9590094066008678,7.192907111949385
Pout_kPa,GP,LOOCV,all,24,0.5730273031338702,0.49228366896661474,0.9957505678890622,8.79042489525442
Q_lps,Ridge,LOSO,all,24,0.051816261929344576,0.045222108598032905,0.9796396754146339,0.36313970025530395
Q_lps,Ridge,LOSO,extrapolation,16,0.05678059326777742,0.04861837921873337,0.9761803324085288,0.36790193975749025
Q_lps,Ridge,LOSO,interpolation,8,0.04008370563345897,0.03842956735663197,0.9871230489621075,0.3532330586625102
Q_lps,Ridge,LOOCV,all,24,0.04490187274996018,0.04111523568057214,0.9847109166589477,0.36313970025530395
Q_lps,GP,LOSO,all,24,0.03135320502834381,0.021994668201583353,0.9925455359717112,0.36313970025530395
Q_lps,GP,LOSO,extrapolation,16,0.03563097789751099,0.02512188044915395,0.9906202485945449,0.36790193975749025
Q_lps,GP,LOSO,interpolation,8,0.020246906548464533,0.015740243706442156,0.9967145514325529,0.3532330586625102
Q_lps,GP,LOOCV,all,24,0.024523377996381292,0.01778757123854962,0.9954394930381552,0.36313970025530395
P_input_W,Ridge,LOSO,all,24,3.9268095562802228,2.9235369262952573,0.9344973837463331,15.34300815699306
P_input_W,Ridge,LOSO,extrapolation,16,4.03142884767424,2.7595912805532716,0.9243101992330603,14.653464554073892
P_input_W,Ridge,LOSO,interpolation,8,3.708727917515779,3.251428217779228,0.9502503358640001,16.627612576674984
P_input_W,Ridge,LOOCV,all,24,3.205551295011703,2.5219266746004743,0.9563499817327128,15.34300815699306
P_input_W,GP,LOSO,all,24,3.41596317883044,2.9181573119368713,0.9504315510501223,15.34300815699306
P_input_W,GP,LOSO,extrapolation,16,3.831891011196598,3.3751208674600015,0.9316173920056822,14.653464554073892
P_input_W,GP,LOSO,interpolation,8,2.3747917538170635,2.0042302008906105,0.9796018270058232,16.627612576674984
P_input_W,GP,LOOCV,all,24,1.398589195284595,1.1703263572013303,0.9916907982147707,15.34300815699306
