Fluid,API,T_C,mu_cP,nu_cSt,B,br_in_range,B_exceeds_40
Light crude - Minas 35 API,35.0,15.0,68.20421745131043,80.30007631338076,16.704749191344177,False,False
Light crude - Minas 35 API,35.0,15.5,63.27134661058524,74.51844284155581,16.092142363383132,False,False
Light crude - Minas 35 API,35.0,16.0,58.8314122510536,69.31352507313537,15.519973435646053,False,False
Light crude - Minas 35 API,35.0,16.5,54.823980269999495,64.6147022348465,14.984686249179681,False,False
Light crude - Minas 35 API,35.0,17.0,51.197239439298485,60.361420935544444,14.483105951571204,False,False
Light crude - Minas 35 API,35.0,17.5,47.90661305514081,56.50157537232602,14.01239137394548,False,False
Light crude - Minas 35 API,35.0,18.0,44.91361771121237,52.99017569160165,13.569994141011536,False,False
Light crude - Minas 35 API,35.0,18.5,42.18492127635901,49.78824865674568,13.153623457608889,False,False
Light crude - Minas 35 API,35.0,19.0,39.691562168333064,46.86192643620024,12.761215696564278,False,False
Light crude - Minas 35 API,35.0,19.5,37.408299792247185,44.181688387033056,12.390908060354043,False,False
Light crude - Minas 35 API,35.0,20.0,35.31307208437561,41.72172778426666,12.041015709779892,False,False
Light crude - Minas 35 API,35.0,20.5,33.38654086561206,39.459420997649005,11.710011851891839,False,False
Light crude - Minas 35 API,35.0,21.0,31.611709463504162,37.37488099341957,11.3965103609109,False,False
Light crude - Minas 35 API,35.0,21.5,29.973600034377778,35.45058050343787,11.099250573239912,True,False
Light crude - Minas 35 API,35.0,22.0,28.458980380730264,33.67103295936862,10.817083953453226,True,False
Light crude - Minas 35 API,35.0,22.5,27.056131946427417,32.022521489926284,10.548962374547328,True,False
Light crude - Minas 35 API,35.0,23.0,25.754652185384842,30.49286804340178,10.293927794421386,True,False
Light crude - Minas 35 API,35.0,23.5,24.545285717299553,29.071236117797664,10.05110314291408,True,False
Light crude - Minas 35 API,35.0,24.0,23.419779667964868,27.747961728354174,9.819684260865628,True,False
Light crude - Minas 35 API,35.0,24.5,22.370759389600583,26.51440817280809,9.598932755505542,True,False
Light crude - Minas 35 API,35.0,25.0,21.39162140595183,25.362840912076702,9.38816965572424,True,False
Light crude - Minas 35 API,35.0,25.5,20.47644095714852,24.286319502572447,9.186769767073242,True,False
Light crude - Minas 35 API,35.0,26.0,19.619891953758692,23.27860402316824,8.994156640147038,True,False
Light crude - Minas 35 API,35.0,26.5,18.81717750658031,22.33407385647323,8.809798077737195,True,False
Light crude - Minas 35 API,35.0,27.0,18.063969493186065,21.447657027667262,8.633202116149848,True,False
Light crude - Minas 35 API,35.0,27.5,17.356355865794697,20.614768588352568,8.463913424618697,True,False
Light crude - Minas 35 API,35.0,28.0,16.69079460709402,19.831256768677882,8.301510074057303,True,False
Light crude - Minas 35 API,35.0,28.5,16.064073408739294,19.093355817180353,8.145600632666602,True,False
Light crude - Minas 35 API,35.0,29.0,15.473274287497372,18.397644611489163,7.995821551306964,True,False
Light crude - Minas 35 API,35.0,29.5,14.915742471333793,17.74101025999251,7.851834806190629,True,False
Light crude - Minas 35 API,35.0,30.0,14.389058986154073,17.120616029460162,7.713325770462138,True,False
Light crude - Minas 35 API,35.0,30.5,13.89101645667361,16.533873030241775,7.580001289705178,True,False
Light crude - Minas 35 API,35.0,31.0,13.419597704666336,15.978415172132479,7.451587939422512,True,False
Light crude - Minas 35 API,35.0,31.5,12.972956786812945,15.452076972858702,7.327830445148243,True,False
Light crude - Minas 35 API,35.0,32.0,12.549402164327084,14.952873859478373,7.208490248124914,True,False
Light crude - Minas 35 API,35.0,32.5,12.147381738957812,14.478984652532695,7.093344201459181,True,False
Light crude - Minas 35 API,35.0,33.0,11.765469526068124,14.028735964953547,6.9821833833999145,True,False
Light crude - Minas 35 API,35.0,33.5,11.402353766280832,13.600588283698434,6.874812015895776,True,False
Light crude - Minas 35 API,35.0,34.0,11.056826303502595,13.193123532831462,6.771046477915301,True,False
Light crude - Minas 35 API,35.0,34.5,10.727773079680542,12.805033943106547,6.6707144041759765,True,False
Light crude - Minas 35 API,35.0,35.0,10.414165615994936,12.435112075716246,6.573653860951574,True,False
Light crude - Minas 35 API,35.0,35.5,10.115053366832443,12.082241867314599,6.479712591527574,True,False
Light crude - Minas 35 API,35.0,36.0,9.829556847223015,11.745390580177954,6.388747324668301,True,False
Light crude - Minas 35 API,35.0,36.5,9.556861446802943,11.42360155583534,6.300623140160594,True,False
Light crude - Minas 35 API,35.0,37.0,9.296211854073835,11.115987683014165,6.215212886118876,True,False
Light crude - Minas 35 API,35.0,37.5,9.04690702400476,10.821725501591057,6.13239664328546,True,False
Light crude - Minas 35 API,35.0,38.0,8.80829563007852,10.540049873651991,6.05206123204706,True,False
Light crude - Minas 35 API,35.0,38.5,8.579771948885703,10.270249160952233,5.974099758320846,True,False
Light crude - Minas 35 API,35.0,39.0,8.360772131469469,10.011660855197468,5.898411194847922,True,False
Light crude - Minas 35 API,35.0,39.5,8.150770820945962,9.763667613790016,5.824899994774721,True,False
Light crude - Minas 35 API,35.0,40.0,7.949278080575095,9.525693659120966,5.753475734707833,True,False
Light crude - Minas 35 API,35.0,40.5,7.75583660052712,9.297201504249427,5.684052784700684,True,False
Light crude - Minas 35 API,35.0,41.0,7.570019155157926,9.077688971982097,5.6165500028737165,True,False
Light crude - Minas 35 API,35.0,41.5,7.3914262857388096,8.866686478030394,5.550890452588027,True,False
Light crude - Minas 35 API,35.0,42.0,7.219684186340485,8.663754552143663,5.487001140287539,True,False
Light crude - Minas 35 API,35.0,42.5,7.0544427729961345,8.468481573953529,5.42481277230001,True,False
Light crude - Minas 35 API,35.0,43.0,6.89537391840695,8.28048170276639,5.364259529044554,True,False
Light crude - Minas 35 API,35.0,43.5,6.742169836341495,8.099392982749615,5.305278855234693,True,False
Light crude - Minas 35 API,35.0,44.0,6.5945416015500085,7.924875606910591,5.247811264793269,True,False
Light crude - Minas 35 API,35.0,44.5,6.452217792492931,7.756610324997517,5.191800159310262,True,False
Light crude - Minas 35 API,35.0,45.0,6.314943245493301,7.594296981983861,5.137191658977853,True,False
Light crude - Minas 35 API,35.0,45.5,6.182477910086214,7.437653175160278,5.0839344450305965,True,False
Light crude - Minas 35 API,35.0,46.0,6.054595796372272,7.286413019067471,5.031979612802807,True,False
Light crude - Minas 35 API,35.0,46.5,5.931084006102241,7.140326008580546,4.981280534591659,True,False
Light crude - Minas 35 API,35.0,47.0,5.811741840039863,6.999155971414984,4.93179273158362,True,False
Light crude - Minas 35 API,35.0,47.5,5.696379974881105,6.862680102180312,4.8834737541644495,True,False
Light crude - Minas 35 API,35.0,48.0,5.584819703661255,6.730688070872241,4.836283069989845,True,False
Light crude - Minas 35 API,35.0,48.5,5.476892234165141,6.602981199377468,4.79018195924542,True,False
Light crude - Minas 35 API,35.0,49.0,5.372438040378565,6.47937170017755,4.745133416571599,True,False
Light crude - Minas 35 API,35.0,49.5,5.271306262487344,6.359681971986499,4.701102059171701,True,False
Light crude - Minas 35 API,35.0,50.0,5.173354151350463,6.2437439475487295,4.658054040660264,True,False
Light crude - Minas 35 API,35.0,50.5,5.07844655375131,6.13139848926598,4.615956970244194,True,False
Light crude - Minas 35 API,35.0,51.0,4.9864554350699395,6.022494828718827,4.574779836861418,True,False
Light crude - Minas 35 API,35.0,51.5,4.897259436324671,5.91689004650604,4.534492937931391,True,False
Light crude - Minas 35 API,35.0,52.0,4.8107434628062045,5.814448589146952,4.495067812398574,True,False
Light crude - Minas 35 API,35.0,52.5,4.726798301775282,5.715041820082359,4.45647717777469,True,False
Light crude - Minas 35 API,35.0,53.0,4.645320266918712,5.618547602071615,4.418694870908063,True,False
Light crude - Minas 35 API,35.0,53.5,4.566210867460639,5.524849908520267,4.381695792228968,True,False
Light crude - Minas 35 API,35.0,54.0,4.4893765000086985,5.433838461486708,4.345455853238808,True,False
Light crude - Minas 35 API,35.0,54.5,4.4147281613801255,5.345408394310173,4.309951927028284,True,False
Light crude - Minas 35 API,35.0,55.0,4.342181180802703,5.259459936977892,4.275161801625611,True,False
Light crude - Minas 35 API,35.0,55.5,4.271654970021272,5.175898122508427,4.241064135990433,True,False
Light crude - Minas 35 API,35.0,56.0,4.203072789963872,5.094632512772731,4.207638418482537,True,False
Light crude - Minas 35 API,35.0,56.5,4.136361532733469,5.015576942305648,4.174864927646794,True,False
Light crude - Minas 35 API,35.0,57.0,4.071451517793106,4.93864927877987,4.1427246951671215,True,False
Light crude - Minas 35 API,35.0,57.5,4.008276301304887,4.8637711989230095,4.1111994708527355,True,False
Light crude - Minas 35 API,35.0,58.0,3.9467724976674585,4.790867978757065,4.080271689529579,True,False
Light crude - Minas 35 API,35.0,58.5,3.88687961237362,4.719868297129892,4.049924439718754,True,False
Light crude - Minas 35 API,35.0,59.0,3.8285398853796693,4.650704051590239,4.020141433991926,True,False
Light crude - Minas 35 API,35.0,59.5,3.7716981442420847,4.583310185732989,3.9909069809013236,True,False
Light crude - Minas 35 API,35.0,60.0,3.716301666335565,4.5176245272097075,3.962205958388882,True,False
Medium crude - 27 API,27.0,15.0,467.91445718621463,524.4284213277292,42.68989538392463,False,True
Medium crude - 27 API,27.0,15.5,420.18800995649076,471.10246632824817,40.46128481918755,False,True
Medium crude - 27 API,27.0,16.0,378.62007523809683,424.6463335484268,38.414542895071314,False,False
Medium crude - 27 API,27.0,16.5,342.27678766007864,384.0194850215102,36.53075186895506,False,False
Medium crude - 27 API,27.0,17.0,310.38465492968385,348.3599191687668,34.793335991692565,False,False
Medium crude - 27 API,27.0,17.5,282.30007710581145,316.9502616506623,33.18772919970825,False,False
Medium crude - 27 API,27.0,18.0,257.4851763442765,289.1908724070951,31.70109554885881,False,False
Medium crude - 27 API,27.0,18.5,235.4885305613166,264.5784058063235,30.322093186235392,False,False
Medium crude - 27 API,27.0,19.0,215.92973896195323,242.68863238795947,29.040674399584677,False,False
Medium crude - 27 API,27.0,19.5,198.48699760988316,223.16260867832938,27.847915672548243,False,False
Medium crude - 27 API,27.0,20.0,182.88705153466955,205.69549079571482,26.7358727845215,False,False
Medium crude - 27 API,27.0,20.5,168.89703242160888,190.0274459679521,25.69745688596844,False,False
Medium crude - 27 API,27.0,21.0,156.3177994380047,175.93623667714814,24.72632819940201,False,False
Medium crude - 27 API,27.0,21.5,144.97848379209282,163.23114444802442,23.816804578642824,True,False
Medium crude - 27 API,27.0,22.0,134.7320015053923,151.7479713126755,22.963782632260553,True,False
Medium crude - 27 API,27.0,22.5,125.45134827291045,141.34491189884568,22.162669503129074,True,False
Medium crude - 27 API,27.0,23.0,117.02652866107346,131.89913175854406,21.40932371199525,True,False
Medium crude - 27 API,27.0,23.5,109.36200184836461,123.3039208648946,20.700003732468005,True,False
Medium crude - 27 API,27.0,24.0,102.37454960229175,115.46631732833912,20.03132317867935,True,False
Medium crude - 27 API,27.0,24.5,95.99149068534626,108.30511695967832,19.400211663651802,True,False
Medium crude - 27 API,27.0,25.0,90.14918051395836,101.74920058366916,18.80388053300601,True,False
Medium crude - 27 API,27.0,25.5,84.79174651442298,95.73612393469988,18.239792800581085,True,False
Medium crude - 27 API,27.0,26.0,79.87001888496637,90.21092527523405,17.705636714261868,True,False
Medium crude - 27 API,27.0,26.5,75.34062388932297,85.12511413048603,17.199302465408305,True,False
Medium crude - 27 API,27.0,27.0,71.16521276564114,80.43581116411475,16.718861626673256,True,False
Medium crude - 27 API,27.0,27.5,67.3098041391778,76.10501456754061,16.2625489630464,True,False
Medium crude - 27 API,27.0,28.0,63.74422171519042,72.09897266345787,15.828746311607778,True,False
Medium crude - 27 API,27.0,28.5,60.44161218534588,68.38764593869823,15.41596826829464,True,False
Medium crude - 27 API,27.0,29.0,57.37803085283817,64.94424458517292,15.022849456279992,True,False
Medium crude - 27 API,27.0,29.5,54.53208458341967,61.74482996829646,14.648133181398439,True,False
Medium crude - 27 API,27.0,30.0,51.88462341293843,58.767970361562,14.290661306315302,True,False
Medium crude - 27 API,27.0,30.5,49.418473559257784,55.99444286448001,13.949365197551327,True,False
Medium crude - 27 API,27.0,31.0,47.118205755430765,53.40697472323209,13.623257618649935,True,False
Medium crude - 27 API,27.0,31.5,44.96993378800234,50.99001835064535,13.311425459213126,True,False
Medium crude - 27 API,27.0,32.0,42.96113892646261,48.72955523579206,13.013023203654923,True,False
Medium crude - 27 API,27.0,32.5,41.08051659709545,46.61292467696945,12.72726705567885,True,False
Medium crude - 27 API,27.0,33.0,39.31784221094073,44.62867389192677,12.453429644973367,True,False
Medium crude - 27 API,27.0,33.5,37.66385352088992,42.76642657777511,12.19083525168264,True,False
Medium crude - 27 API,27.0,34.0,36.11014727299645,41.01676742777325,11.938855492058758,True,False
Medium crude - 27 API,27.0,34.5,34.649088244866114,39.3711404775656,11.69690541551032,True,False
Medium crude - 27 API,27.0,35.0,33.273729040108016,37.82175946126415,11.464439969179486,True,False
Medium crude - 27 API,27.0,35.5,31.977739240963658,36.36152861769845,11.240950791332097,True,False
Medium crude - 27 API,27.0,36.0,30.755342718523902,34.98397260714458,11.025963299338292,True,False
Medium crude - 27 API,27.0,36.5,29.601262067281375,33.68317438545106,10.819034041946894,True,False
Medium crude - 27 API,27.0,37.0,28.510669272999806,32.45372004110636,10.619748288991593,True,False
Medium crude - 27 API,27.0,37.5,27.479141844036405,31.29064973592487,10.427717834677663,True,False
Medium crude - 27 API,27.0,38.0,26.502623739669204,30.18941400538527,10.242578993241013,True,False
Medium crude - 27 API,27.0,38.5,25.577390517428604,29.145834773325575,10.063990768094918,True,False
Medium crude - 27 API,27.0,39.0,24.700018197232676,28.156070520268504,9.89163317762595,True,False
Medium crude - 27 API,27.0,39.5,23.86735540520992,27.216585117271332,9.725205722604963,True,False
Medium crude - 27 API,27.0,40.0,23.076498416081474,26.32411989967144,9.564425981772219,True,False
Medium crude - 27 API,27.0,40.5,22.324768761230082,25.475668608952244,9.40902832356514,True,False
Medium crude - 27 API,27.0,41.0,21.60969311124462,24.668454877452444,9.258762723204834,True,False
Medium crude - 27 API,27.0,41.5,20.92898517776426,23.899911970864938,9.11339367546414,True,False
Medium crude - 27 API,27.0,42.0,20.280529410667942,23.167664538324587,8.972699194422798,True,False
Medium crude - 27 API,27.0,42.5,19.662366293750495,22.469512150134147,8.836469892388578,True,False
Medium crude - 27 API,27.0,43.0,19.072679065582758,21.803414429478455,8.704508130941313,True,False
Medium crude - 27 API,27.0,43.5,18.509781712762226,21.167477607377897,8.576627237749818,True,False
Medium crude - 27 API,27.0,44.0,17.97210810064807,20.559942350107182,8.45265078343029,True,False
Medium crude - 27 API,27.0,44.5,17.45820212229761,19.979172725754083,8.33241191326781,True,False
Medium crude - 27 API,27.0,45.0,16.96670875998752,19.423646191856523,8.215752729116721,True,False
Medium crude - 27 API,27.0,45.5,16.49636596567713,18.891944499431947,8.102523717238777,True,False
Medium crude - 27 API,27.0,46.0,16.04599727727532,18.382745420447083,7.992583218234844,True,False
Medium crude - 27 API,27.0,46.5,15.614505096802233,17.89481521608792,7.885796935582407,True,False
Medium crude - 27 API,27.0,47.0,15.20086456465787,17.427001772263132,7.782037479611326,True,False
Medium crude - 27 API,27.0,47.5,14.804117971363727,16.978228336768385,7.681183944038337,True,False
Medium crude - 27 API,27.0,48.0,14.423369654456026,16.54748779959292,7.583121512440237,True,False
Medium crude - 27 API,27.0,48.5,14.057781333784725,16.133837464081264,7.487741092279362,True,False
Medium crude - 27 API,27.0,49.0,13.706567843404812,15.73639426217582,7.394938974306028,True,False
Medium crude - 27 API,27.0,49.5,13.368993222614735,15.354330371848741,7.304616515353153,True,False
Medium crude - 27 API,27.0,50.0,13.04436713256991,14.986869199161477,7.216679842710351,True,False
Medium crude - 27 API,27.0,50.5,12.732041568338904,14.633281691235661,7.131039578420891,True,False
Medium crude - 27 API,27.0,51.0,12.431407839326594,14.292882949836606,7.047610581985883,True,False
Medium crude - 27 API,27.0,51.5,12.14189379370943,13.965029118313199,6.966311710088235,True,False
Medium crude - 27 API,27.0,52.0,11.862961264951938,13.64911451734839,6.88706559206487,True,False
Medium crude - 27 API,27.0,52.5,11.594103720635813,13.344569007392877,6.809798419961381,True,False
Medium crude - 27 API,27.0,53.0,11.334844095763996,13.050855557814055,6.734439752099025,True,False
Medium crude - 27 API,27.0,53.5,11.084732794427937,12.76746800472293,6.6609223291712745,True,False
Medium crude - 27 API,27.0,54.0,10.843345845271383,12.493928981169937,6.589181901966587,True,False
Medium crude - 27 API,27.0,54.5,10.610283197567515,12.22978800494844,6.519157069886368,True,False
Medium crude - 27 API,27.0,55.0,10.385167145967896,11.974619710633792,6.450789129493275,True,False
Medium crude - 27 API,27.0,55.5,10.167640873095115,11.728022213731606,6.384021932385078,True,False
Medium crude - 27 API,27.0,56.0,9.95736710015284,11.489615595930026,6.318801751744522,True,False
Medium crude - 27 API,27.0,56.5,9.75402683662726,11.259040501458095,6.2550771569659185,True,False
Medium crude - 27 API,27.0,57.0,9.557318220964596,11.03595683545974,6.192798895805138,True,False
Medium crude - 27 API,27.0,57.5,9.366955444840531,10.820042556111208,6.131919783542067,True,False
Medium crude - 27 API,27.0,58.0,9.182667754296082,10.61099255294704,6.072394598682953,True,False
Medium crude - 27 API,27.0,58.5,9.00419852161,10.408517604526411,6.014179984765737,True,False
Medium crude - 27 API,27.0,59.0,8.831304382315542,10.212343409173602,5.957234357863817,True,False
Medium crude - 27 API,27.0,59.5,8.663754432255807,10.022209683070987,5.901517819413587,True,False
Medium crude - 27 API,27.0,60.0,8.501329480012616,9.83786932047636,5.8469920740185755,True,False
Heavy crude - Duri 20.8 API,20.8,15.0,3675.683440059193,3958.4803627858023,117.28601425283652,False,True
Heavy crude - Duri 20.8 API,20.8,15.5,3184.881596001563,3431.1179687577855,109.19425901318476,False,True
Heavy crude - Duri 20.8 API,20.8,16.0,2772.2752813950538,2987.6569596676118,101.89370304537535,False,True
Heavy crude - Duri 20.8 API,20.8,16.5,2423.6808690739113,2612.8945625441665,95.28903371599606,False,True
Heavy crude - Duri 20.8 API,20.8,17.0,2127.767476535105,2294.683231943344,89.2983329639779,False,True
Heavy crude - Duri 20.8 API,20.8,17.5,1875.431710612913,2023.2614630244213,83.85094958911603,False,True
Heavy crude - Duri 20.8 API,20.8,18.0,1659.3199028317126,1790.7423692938353,78.8857456639741,False,True
Heavy crude - Duri 20.8 API,20.8,18.5,1473.4607414926566,1590.7203664048743,74.34964533442857,False,True
Heavy crude - Duri 20.8 API,20.8,19.0,1312.9810801166334,1417.9668551484215,70.19642910460593,False,True
Heavy crude - Duri 20.8 API,20.8,19.5,1173.8848104034705,1268.1933946770446,66.38572825557281,False,True
Heavy crude - Duri 20.8 API,20.8,20.0,1052.879842068175,1137.8663668320191,62.88218309220865,False,True
Heavy crude - Duri 20.8 API,20.8,20.5,947.2419946375162,1024.061155361829,59.65473582753371,False,True
Heavy crude - Duri 20.8 API,20.8,21.0,854.7073712791018,924.3468204333809,56.67603453592995,False,True
Heavy crude - Duri 20.8 API,20.8,21.5,773.3868294442065,836.6944355616888,53.921929069017544,True,True
Heavy crude - Duri 20.8 API,20.8,22.0,701.6976844168992,759.403881286486,51.37104338484612,True,True
Heavy crude - Duri 20.8 API,20.8,22.5,638.3089204319275,691.0451079145583,49.00441158796353,True,True
Heavy crude - Duri 20.8 API,20.8,23.0,582.0970409977647,630.4107965252963,46.80516726567401,True,True
Heavy crude - Duri 20.8 API,20.8,23.5,532.1103386315033,576.4780414393821,44.75827755131468,True,True
Heavy crude - Duri 20.8 API,20.8,24.0,487.5398576677216,528.3772054444224,42.85031483973624,True,True
Heavy crude - Duri 20.8 API,20.8,24.5,447.6957011697844,485.3665029818677,41.06926029456793,True,True
Heavy crude - Duri 20.8 API,20.8,25.0,411.9876229933714,446.8111769629284,39.40433427719871,True,False
Heavy crude - Duri 20.8 API,20.8,25.5,379.9090700161776,412.1663746633984,37.845849637802935,True,False
Heavy crude - Duri 20.8 API,20.8,26.0,351.02401330462783,380.9630142008905,36.38508447406481,True,False
Heavy crude - Duri 20.8 API,20.8,26.5,324.9560424004893,352.7960781121745,35.01417151123361,True,False
Heavy crude - Duri 20.8 API,20.8,27.0,301.3793028999019,327.3148840685757,33.726001709873785,True,False
Heavy crude - Duri 20.8 API,20.8,27.5,280.01094080822116,304.21497200915053,32.514140082839155,True,False
Heavy crude - Duri 20.8 API,20.8,28.0,260.6047829074288,283.23131741476703,31.372752014808167,True,False
Heavy crude - Duri 20.8 API,20.8,28.5,242.94603447514208,264.132636272001,30.296538637596356,True,False
Heavy crude - Duri 20.8 API,20.8,29.0,226.84681713901278,246.71659168803043,29.28068003166939,True,False
Heavy crude - Duri 20.8 API,20.8,29.5,212.14240274096218,230.80574758220223,28.320785206305228,True,False
Heavy crude - Duri 20.8 API,20.8,30.0,198.68802560232837,216.24414330236954,27.41284796379643,True,False
Heavy crude - Duri 20.8 API,20.8,30.5,186.3561769047784,202.8943858733136,26.553207881920468,True,False
Heavy crude - Duri 20.8 API,20.8,31.0,175.03430210852125,190.6351750325103,25.738515757700764,True,False
Heavy crude - Duri 20.8 API,20.8,31.5,164.62283626026056,179.35919114620415,24.96570294757803,True,False
Heavy crude - Duri 20.8 API,20.8,32.0,155.0335233586639,168.97128823334396,24.231954117253917,True,False
Heavy crude - Duri 20.8 API,20.8,32.5,146.18797516502178,159.3869442135743,23.53468298092456,True,False
Heavy crude - Duri 20.8 API,20.8,33.0,138.0164323823343,150.53092857859366,22.87151066626358,True,False
Heavy crude - Duri 20.8 API,20.8,33.5,130.4566973034337,142.33615431321823,22.240246389897155,True,False
Heavy crude - Duri 20.8 API,20.8,34.0,123.45321210746515,134.74268634154225,21.638870169530335,True,False
Heavy crude - Duri 20.8 API,20.8,34.5,116.95626117134391,127.69688326675015,21.065517334409247,True,False
Heavy crude - Duri 20.8 API,20.8,35.0,110.92127922468387,121.1506528883288,20.518464626338123,True,False
Heavy crude - Duri 20.8 API,20.8,35.5,105.30825004654312,115.06080506063877,19.996117709767187,True,False
Heavy crude - Duri 20.8 API,20.8,36.0,100.08118278762791,109.3884880172371,19.496999932156985,True,False
Heavy crude - Duri 20.8 API,20.8,36.5,95.20765498923653,104.09869641917344,19.019742195439896,True,False
Heavy crude - Duri 20.8 API,20.8,37.0,90.65841303063876,99.15984116822253,18.563073816388055,True,False
Heavy crude - Duri 20.8 API,20.8,37.5,86.40702212700539,94.54337251904207,18.12581426843489,True,False
Heavy crude - Duri 20.8 API,20.8,38.0,82.42955916712917,90.22344927764279,17.706865710309035,True,False
Heavy crude - Duri 20.8 API,20.8,38.5,78.70434266210513,86.17664792818634,17.30520621799101,True,False
Heavy crude - Duri 20.8 API,20.8,39.0,75.21169490415645,82.38170641955067,16.919883646230073,True,False
Heavy crude - Duri 20.8 API,20.8,39.5,71.93373213455178,78.81929809484097,16.55001005435431,True,False
Heavy crude - Duri 20.8 API,20.8,40.0,68.8541791122074,75.47183188376526,16.194756638539992,True,False
Heavy crude - Duri 20.8 API,20.8,40.5,65.9582049775668,72.32327541827568,15.853349119219875,True,False
Heavy crude - Duri 20.8 API,20.8,41.0,63.23227773412856,69.35899819158384,15.52506353802631,True,False
Heavy crude - Duri 20.8 API,20.8,41.5,60.664035034547716,66.5656322724641,15.209222423689132,True,False
Heavy crude - Duri 20.8 API,20.8,42.0,58.24216926951095,63.930948421341306,14.905191290731047,True,False
Heavy crude - Duri 20.8 API,20.8,42.5,55.95632522388696,61.44374574092861,14.612375438700985,True,False
Heavy crude - Duri 20.8 API,20.8,43.0,53.797008792908194,59.09375323957981,14.33021702312763,True,False
Heavy crude - Duri 20.8 API,20.8,43.5,51.75550544713984,56.871541896262755,14.058192372416448,True,False
Heavy crude - Duri 20.8 API,20.8,44.0,49.82380730360458,54.7684459973759,13.79580952760626,True,False
Heavy crude - Duri 20.8 API,20.8,44.5,47.99454780573844,52.77649267189945,13.542605984287599,True,False
Heavy crude - Duri 20.8 API,20.8,45.0,46.26094314028508,50.88833868628281,13.298146618102404,True,False
Heavy crude - Duri 20.8 API,20.8,45.5,44.616739627709315,49.09721367715207,13.062021777126745,True,False
Heavy crude - Duri 20.8 API,20.8,46.0,43.05616641665697,47.3968691009874,12.833845526112048,True,False
Heavy crude - Duri 20.8 API,20.8,46.5,41.57389289449836,45.78153226761685,12.613254029051614,True,False
Heavy crude - Duri 20.8 API,20.8,47.0,40.164990296818374,44.24586490058245,12.399904057869268,True,False
Heavy crude - Duri 20.8 API,20.8,47.5,38.82489706035555,42.78492573376543,12.19347161621429,True,False
Heavy crude - Duri 20.8 API,20.8,48.0,37.549387517619905,41.39413671148092,11.993650668408446,True,False
Heavy crude - Duri 20.8 API,20.8,48.5,36.33454357831865,40.069252409731696,11.80015196454068,True,False
Heavy crude - Duri 20.8 API,20.8,49.0,35.17672908372018,38.80633234044651,11.612701953556357,True,False
Heavy crude - Duri 20.8 API,20.8,49.5,34.07256655598112,37.60171583917079,11.431041776951052,True,False
Heavy crude - Duri 20.8 API,20.8,50.0,33.018916095930315,36.451999270559234,11.2549263363643,True,False
Heavy crude - Duri 20.8 API,20.8,50.5,32.01285621043171,35.35401531576892,11.084123428984798,True,False
Heavy crude - Duri 20.8 API,20.8,51.0,31.051666374734637,34.304814132005184,10.918412945232543,True,False
Heavy crude - Duri 20.8 API,20.8,51.5,30.13281115660099,33.30164619749945,10.757586123682653,True,False
Heavy crude - Duri 20.8 API,20.8,52.0,29.253925747843393,32.34194667549595,10.601444858645685,True,False
Heavy crude - Duri 20.8 API,20.8,52.5,28.412802765539773,31.423321148738736,10.449801056224985,True,False
Heavy crude - Duri 20.8 API,20.8,53.0,27.60738019988813,30.54353259178568,10.302476035038799,True,False
Heavy crude - Duri 20.8 API,20.8,53.5,26.83573039866775,29.700489462484665,10.159299968126104,True,False
Heavy crude - Duri 20.8 API,20.8,54.0,26.096049989792935,28.89223480635996,10.020111362855458,True,False
Heavy crude - Duri 20.8 API,20.8,54.5,25.38665065366131,28.116936278665612,9.884756575927836,True,False
Heavy crude - Duri 20.8 API,20.8,55.0,24.70595066607039,27.372876998639576,9.753089360810895,True,False
Heavy crude - Duri 20.8 API,20.8,55.5,24.052467140539726,26.65844715918292,9.62497044516567,True,False
Heavy crude - Duri 20.8 API,20.8,56.0,23.424808906053112,25.972136322925376,9.500267136029803,True,False
Heavy crude - Duri 20.8 API,20.8,56.5,22.82166996262926,25.312526342530973,9.378852950705927,True,False
Heavy crude - Duri 20.8 API,20.8,57.0,22.241823462832013,24.678284849245664,9.260607271471752,True,False
Heavy crude - Duri 20.8 API,20.8,57.5,21.684116172424243,24.06815925918059,9.145415022381334,True,False
Heavy crude - Duri 20.8 API,20.8,58.0,21.147463367919357,23.480971251730317,9.033166366566121,True,False
Heavy crude - Duri 20.8 API,20.8,58.5,20.63084413285829,22.915611678919255,8.923756422571566,True,False
Heavy crude - Duri 20.8 API,20.8,59.0,20.13329701828627,22.371035868401968,8.817084998380945,True,False
Heavy crude - Duri 20.8 API,20.8,59.5,19.65391603617408,21.84625928637054,8.713056341883872,True,False
Heavy crude - Duri 20.8 API,20.8,60.0,19.191846957463003,21.340353529787997,8.611578906643803,True,False
